username,password,firstname,lastname,email,section
25101,Student@123,Saanvi,Sharma,25101@test.local,Section A
25102,Student@123,Avni,Gupta,25102@test.local,Section A
25103,Student@123,Sai,Iyer,25103@test.local,Section A
25104,Student@123,Aryan,Naidu,25104@test.local,Section A
25105,Student@123,Vedant,Reddy,25105@test.local,Section A
25106,Student@123,Sara,Desai,25106@test.local,Section A
25107,Student@123,Vihaan,Sharma,25107@test.local,Section A
25108,Student@123,Myra,Menon,25108@test.local,Section A
25109,Student@123,Sai,Malhotra,25109@test.local,Section A
25110,Student@123,Rudra,Sharma,25110@test.local,Section A
25111,Student@123,Kyra,Menon,25111@test.local,Section A
25112,Student@123,Vedant,Desai,25112@test.local,Section A
25113,Student@123,Sai,Agarwal,25113@test.local,Section A
25114,Student@123,Sara,Rao,25114@test.local,Section A
25115,Student@123,Aarav,Mukherjee,25115@test.local,Section A
25116,Student@123,Vivaan,Chatterjee,25116@test.local,Section A
25117,Student@123,Pari,Singh,25117@test.local,Section A
25118,Student@123,Avni,Iyer,25118@test.local,Section A
25119,Student@123,Kiara,Mukherjee,25119@test.local,Section A
25120,Student@123,Anika,Nair,25120@test.local,Section A
25121,Student@123,Myra,Mehta,25121@test.local,Section A
25122,Student@123,Aryan,Verma,25122@test.local,Section A
25123,Student@123,Kian,Pillai,25123@test.local,Section A
25124,Student@123,Ishaan,Das,25124@test.local,Section A
25125,Student@123,Vihaan,Banerjee,25125@test.local,Section A
25126,Student@123,Zara,Chawla,25126@test.local,Section A
25127,Student@123,Saanvi,Trivedi,25127@test.local,Section A
25128,Student@123,Yash,Reddy,25128@test.local,Section A
25129,Student@123,Kyra,Kulkarni,25129@test.local,Section A
25130,Student@123,Tara,Mishra,25130@test.local,Section A
25131,Student@123,Navya,Bhatt,25131@test.local,Section A
25132,Student@123,Arjun,Chatterjee,25132@test.local,Section A
25133,Student@123,Kabir,Patel,25133@test.local,Section A
25134,Student@123,Sai,Mukherjee,25134@test.local,Section A
25135,Student@123,Rohan,Reddy,25135@test.local,Section A
25136,Student@123,Sai,Pandey,25136@test.local,Section A
25137,Student@123,Aryan,Mehta,25137@test.local,Section A
25138,Student@123,Avni,Agarwal,25138@test.local,Section A
25139,Student@123,Navya,Joshi,25139@test.local,Section A
25140,Student@123,Navya,Verma,25140@test.local,Section A
25141,Student@123,Kiara,Naidu,25141@test.local,Section A
25142,Student@123,Avni,Chatterjee,25142@test.local,Section A
25143,Student@123,Kabir,Pillai,25143@test.local,Section A
25144,Student@123,Vivaan,Chawla,25144@test.local,Section A
25145,Student@123,Riya,Joshi,25145@test.local,Section A
25146,Student@123,Zara,Mehta,25146@test.local,Section A
25147,Student@123,Avni,Trivedi,25147@test.local,Section A
25148,Student@123,Kyra,Gupta,25148@test.local,Section A
25149,Student@123,Dhruv,Ghosh,25149@test.local,Section A
25150,Student@123,Ananya,Gupta,25150@test.local,Section A
25201,Student@123,Vihaan,Das,25201@test.local,Section B
25202,Student@123,Dhruv,Mehta,25202@test.local,Section B
25203,Student@123,Avni,Reddy,25203@test.local,Section B
25204,Student@123,Kiara,Trivedi,25204@test.local,Section B
25205,Student@123,Aditya,Mishra,25205@test.local,Section B
25206,Student@123,Dhruv,Menon,25206@test.local,Section B
25207,Student@123,Mishka,Mehta,25207@test.local,Section B
25208,Student@123,Zara,Iyer,25208@test.local,Section B
25209,Student@123,Ishaan,Iyer,25209@test.local,Section B
25210,Student@123,Riya,Banerjee,25210@test.local,Section B
25211,Student@123,Kyra,Chawla,25211@test.local,Section B
25212,Student@123,Ishaan,Banerjee,25212@test.local,Section B
25213,Student@123,Sara,Desai,25213@test.local,Section B
25214,Student@123,Sara,Mehta,25214@test.local,Section B
25215,Student@123,Navya,Gupta,25215@test.local,Section B
25216,Student@123,Reyansh,Malhotra,25216@test.local,Section B
25217,Student@123,Mishka,Reddy,25217@test.local,Section B
25218,Student@123,Ananya,Pandey,25218@test.local,Section B
25219,Student@123,Saanvi,Iyer,25219@test.local,Section B
25220,Student@123,Vivaan,Das,25220@test.local,Section B
25221,Student@123,Pari,Pillai,25221@test.local,Section B
25222,Student@123,Kabir,Mehta,25222@test.local,Section B
25223,Student@123,Yash,Pillai,25223@test.local,Section B
25224,Student@123,Zara,Malhotra,25224@test.local,Section B
25225,Student@123,Ishaan,Chawla,25225@test.local,Section B
25226,Student@123,Aarav,Naidu,25226@test.local,Section B
25227,Student@123,Saanvi,Naidu,25227@test.local,Section B
25228,Student@123,Vedant,Mukherjee,25228@test.local,Section B
25229,Student@123,Avni,Mukherjee,25229@test.local,Section B
25230,Student@123,Anika,Nair,25230@test.local,Section B
25231,Student@123,Rohan,Desai,25231@test.local,Section B
25232,Student@123,Vivaan,Agarwal,25232@test.local,Section B
25233,Student@123,Aarav,Banerjee,25233@test.local,Section B
25234,Student@123,Ishaan,Malhotra,25234@test.local,Section B
25235,Student@123,Aadhya,Malhotra,25235@test.local,Section B
25236,Student@123,Aryan,Pandey,25236@test.local,Section B
25237,Student@123,Prisha,Ghosh,25237@test.local,Section B
25238,Student@123,Shaurya,Pillai,25238@test.local,Section B
25239,Student@123,Arjun,Iyer,25239@test.local,Section B
25240,Student@123,Navya,Mukherjee,25240@test.local,Section B
25241,Student@123,Vivaan,Chawla,25241@test.local,Section B
25242,Student@123,Aarohi,Trivedi,25242@test.local,Section B
25243,Student@123,Aarav,Pillai,25243@test.local,Section B
25244,Student@123,Dhruv,Kapoor,25244@test.local,Section B
25245,Student@123,Diya,Nair,25245@test.local,Section B
25246,Student@123,Navya,Mishra,25246@test.local,Section B
25247,Student@123,Prisha,Gupta,25247@test.local,Section B
25248,Student@123,Ananya,Gupta,25248@test.local,Section B
25249,Student@123,Aditya,Reddy,25249@test.local,Section B
25250,Student@123,Myra,Banerjee,25250@test.local,Section B
25301,Student@123,Mishka,Ghosh,25301@test.local,Section C
25302,Student@123,Kabir,Mukherjee,25302@test.local,Section C
25303,Student@123,Vedant,Mukherjee,25303@test.local,Section C
25304,Student@123,Reyansh,Iyer,25304@test.local,Section C
25305,Student@123,Advik,Chawla,25305@test.local,Section C
25306,Student@123,Vivaan,Rao,25306@test.local,Section C
25307,Student@123,Aarohi,Pandey,25307@test.local,Section C
25308,Student@123,Rudra,Desai,25308@test.local,Section C
25309,Student@123,Kiara,Trivedi,25309@test.local,Section C
25310,Student@123,Vedant,Mukherjee,25310@test.local,Section C
25311,Student@123,Arjun,Chatterjee,25311@test.local,Section C
25312,Student@123,Prisha,Mehta,25312@test.local,Section C
25313,Student@123,Navya,Agarwal,25313@test.local,Section C
25314,Student@123,Aarohi,Agarwal,25314@test.local,Section C
25315,Student@123,Saanvi,Gupta,25315@test.local,Section C
25316,Student@123,Sai,Reddy,25316@test.local,Section C
25317,Student@123,Anika,Sharma,25317@test.local,Section C
25318,Student@123,Sara,Chawla,25318@test.local,Section C
25319,Student@123,Sai,Bhatt,25319@test.local,Section C
25320,Student@123,Sai,Sharma,25320@test.local,Section C
25321,Student@123,Kabir,Chatterjee,25321@test.local,Section C
25322,Student@123,Ananya,Gupta,25322@test.local,Section C
25323,Student@123,Kabir,Mishra,25323@test.local,Section C
25324,Student@123,Vihaan,Pandey,25324@test.local,Section C
25325,Student@123,Anika,Reddy,25325@test.local,Section C
25326,Student@123,Shaurya,Gupta,25326@test.local,Section C
25327,Student@123,Avni,Naidu,25327@test.local,Section C
25328,Student@123,Mishka,Menon,25328@test.local,Section C
25329,Student@123,Vedant,Iyer,25329@test.local,Section C
25330,Student@123,Aditya,Bhatt,25330@test.local,Section C
25331,Student@123,Advik,Gupta,25331@test.local,Section C
25332,Student@123,Advik,Das,25332@test.local,Section C
25333,Student@123,Atharv,Menon,25333@test.local,Section C
25334,Student@123,Aryan,Nair,25334@test.local,Section C
25335,Student@123,Pari,Verma,25335@test.local,Section C
25336,Student@123,Pari,Desai,25336@test.local,Section C
25337,Student@123,Zara,Pandey,25337@test.local,Section C
25338,Student@123,Ananya,Naidu,25338@test.local,Section C
25339,Student@123,Aryan,Patel,25339@test.local,Section C
25340,Student@123,Siya,Banerjee,25340@test.local,Section C
25341,Student@123,Anika,Das,25341@test.local,Section C
25342,Student@123,Aryan,Gupta,25342@test.local,Section C
25343,Student@123,Arjun,Menon,25343@test.local,Section C
25344,Student@123,Vedant,Agarwal,25344@test.local,Section C
25345,Student@123,Reyansh,Desai,25345@test.local,Section C
25346,Student@123,Aadhya,Rao,25346@test.local,Section C
25347,Student@123,Zara,Gupta,25347@test.local,Section C
25348,Student@123,Kabir,Agarwal,25348@test.local,Section C
25349,Student@123,Kyra,Nair,25349@test.local,Section C
25350,Student@123,Ananya,Shetty,25350@test.local,Section C
25401,Student@123,Vedant,Ghosh,25401@test.local,Section D
25402,Student@123,Aarav,Reddy,25402@test.local,Section D
25403,Student@123,Riya,Joshi,25403@test.local,Section D
25404,Student@123,Atharv,Kapoor,25404@test.local,Section D
25405,Student@123,Advik,Menon,25405@test.local,Section D
25406,Student@123,Siya,Mishra,25406@test.local,Section D
25407,Student@123,Ananya,Joshi,25407@test.local,Section D
25408,Student@123,Yash,Sharma,25408@test.local,Section D
25409,Student@123,Yash,Rao,25409@test.local,Section D
25410,Student@123,Zara,Kulkarni,25410@test.local,Section D
25411,Student@123,Pari,Chatterjee,25411@test.local,Section D
25412,Student@123,Kyra,Naidu,25412@test.local,Section D
25413,Student@123,Mishka,Iyer,25413@test.local,Section D
25414,Student@123,Arjun,Kulkarni,25414@test.local,Section D
25415,Student@123,Kiara,Patel,25415@test.local,Section D
25416,Student@123,Sara,Banerjee,25416@test.local,Section D
25417,Student@123,Vedant,Patel,25417@test.local,Section D
25418,Student@123,Dhruv,Patel,25418@test.local,Section D
25419,Student@123,Ananya,Bhatt,25419@test.local,Section D
25420,Student@123,Advik,Malhotra,25420@test.local,Section D
25421,Student@123,Aarohi,Joshi,25421@test.local,Section D
25422,Student@123,Ananya,Malhotra,25422@test.local,Section D
25423,Student@123,Myra,Pandey,25423@test.local,Section D
25424,Student@123,Aadhya,Reddy,25424@test.local,Section D
25425,Student@123,Rudra,Reddy,25425@test.local,Section D
25426,Student@123,Riya,Mehta,25426@test.local,Section D
25427,Student@123,Saanvi,Mishra,25427@test.local,Section D
25428,Student@123,Aditya,Gupta,25428@test.local,Section D
25429,Student@123,Sara,Pillai,25429@test.local,Section D
25430,Student@123,Vihaan,Pillai,25430@test.local,Section D
25431,Student@123,Myra,Desai,25431@test.local,Section D
25432,Student@123,Sara,Bhatt,25432@test.local,Section D
25433,Student@123,Aarohi,Singh,25433@test.local,Section D
25434,Student@123,Ishaan,Menon,25434@test.local,Section D
25435,Student@123,Dhruv,Gupta,25435@test.local,Section D
25436,Student@123,Ishaan,Mehta,25436@test.local,Section D
25437,Student@123,Reyansh,Naidu,25437@test.local,Section D
25438,Student@123,Prisha,Agarwal,25438@test.local,Section D
25439,Student@123,Dhruv,Trivedi,25439@test.local,Section D
25440,Student@123,Kabir,Sharma,25440@test.local,Section D
25441,Student@123,Zara,Pillai,25441@test.local,Section D
25442,Student@123,Aditya,Nair,25442@test.local,Section D
25443,Student@123,Kabir,Chawla,25443@test.local,Section D
25444,Student@123,Kiara,Malhotra,25444@test.local,Section D
25445,Student@123,Ishaan,Iyer,25445@test.local,Section D
25446,Student@123,Kian,Mishra,25446@test.local,Section D
25447,Student@123,Kabir,Mishra,25447@test.local,Section D
25448,Student@123,Riya,Verma,25448@test.local,Section D
25449,Student@123,Rohan,Joshi,25449@test.local,Section D
25450,Student@123,Krish,Ghosh,25450@test.local,Section D
25501,Student@123,Vedant,Chatterjee,25501@test.local,Section E
25502,Student@123,Prisha,Pillai,25502@test.local,Section E
25503,Student@123,Aarohi,Sharma,25503@test.local,Section E
25504,Student@123,Kyra,Kulkarni,25504@test.local,Section E
25505,Student@123,Aryan,Mishra,25505@test.local,Section E
25506,Student@123,Reyansh,Rao,25506@test.local,Section E
25507,Student@123,Saanvi,Mishra,25507@test.local,Section E
25508,Student@123,Aryan,Banerjee,25508@test.local,Section E
25509,Student@123,Kyra,Iyer,25509@test.local,Section E
25510,Student@123,Avni,Kulkarni,25510@test.local,Section E
25511,Student@123,Rudra,Menon,25511@test.local,Section E
25512,Student@123,Anika,Menon,25512@test.local,Section E
25513,Student@123,Ishaan,Malhotra,25513@test.local,Section E
25514,Student@123,Mishka,Rao,25514@test.local,Section E
25515,Student@123,Ananya,Reddy,25515@test.local,Section E
25516,Student@123,Pari,Ghosh,25516@test.local,Section E
25517,Student@123,Avni,Patel,25517@test.local,Section E
25518,Student@123,Aarav,Singh,25518@test.local,Section E
25519,Student@123,Reyansh,Shetty,25519@test.local,Section E
25520,Student@123,Ishaan,Joshi,25520@test.local,Section E
25521,Student@123,Krish,Chawla,25521@test.local,Section E
25522,Student@123,Pari,Chawla,25522@test.local,Section E
25523,Student@123,Aarav,Nair,25523@test.local,Section E
25524,Student@123,Kabir,Mishra,25524@test.local,Section E
25525,Student@123,Ira,Chawla,25525@test.local,Section E
25526,Student@123,Vihaan,Ghosh,25526@test.local,Section E
25527,Student@123,Navya,Bhatt,25527@test.local,Section E
25528,Student@123,Kyra,Iyer,25528@test.local,Section E
25529,Student@123,Pari,Iyer,25529@test.local,Section E
25530,Student@123,Vihaan,Kulkarni,25530@test.local,Section E
25531,Student@123,Navya,Mishra,25531@test.local,Section E
25532,Student@123,Vihaan,Mishra,25532@test.local,Section E
25533,Student@123,Kian,Menon,25533@test.local,Section E
25534,Student@123,Riya,Naidu,25534@test.local,Section E
25535,Student@123,Aryan,Verma,25535@test.local,Section E
25536,Student@123,Kyra,Mishra,25536@test.local,Section E
25537,Student@123,Atharv,Pillai,25537@test.local,Section E
25538,Student@123,Ira,Trivedi,25538@test.local,Section E
25539,Student@123,Riya,Pandey,25539@test.local,Section E
25540,Student@123,Vivaan,Das,25540@test.local,Section E
25541,Student@123,Aadhya,Mishra,25541@test.local,Section E
25542,Student@123,Atharv,Sharma,25542@test.local,Section E
25543,Student@123,Aadhya,Banerjee,25543@test.local,Section E
25544,Student@123,Anika,Das,25544@test.local,Section E
25545,Student@123,Atharv,Das,25545@test.local,Section E
25546,Student@123,Riya,Rao,25546@test.local,Section E
25547,Student@123,Vivaan,Das,25547@test.local,Section E
25548,Student@123,Aryan,Mehta,25548@test.local,Section E
25549,Student@123,Vihaan,Pandey,25549@test.local,Section E
25550,Student@123,Advik,Gupta,25550@test.local,Section E
25601,Student@123,Arjun,Ghosh,25601@test.local,Section F
25602,Student@123,Zara,Verma,25602@test.local,Section F
25603,Student@123,Prisha,Ghosh,25603@test.local,Section F
25604,Student@123,Sai,Gupta,25604@test.local,Section F
25605,Student@123,Diya,Naidu,25605@test.local,Section F
25606,Student@123,Arjun,Mehta,25606@test.local,Section F
25607,Student@123,Anika,Rao,25607@test.local,Section F
25608,Student@123,Kabir,Mukherjee,25608@test.local,Section F
25609,Student@123,Avni,Verma,25609@test.local,Section F
25610,Student@123,Shaurya,Mehta,25610@test.local,Section F
25611,Student@123,Vedant,Singh,25611@test.local,Section F
25612,Student@123,Diya,Nair,25612@test.local,Section F
25613,Student@123,Ishaan,Joshi,25613@test.local,Section F
25614,Student@123,Sara,Rao,25614@test.local,Section F
25615,Student@123,Vihaan,Nair,25615@test.local,Section F
25616,Student@123,Rudra,Desai,25616@test.local,Section F
25617,Student@123,Kian,Banerjee,25617@test.local,Section F
25618,Student@123,Dhruv,Desai,25618@test.local,Section F
25619,Student@123,Rudra,Malhotra,25619@test.local,Section F
25620,Student@123,Saanvi,Mehta,25620@test.local,Section F
25621,Student@123,Aditya,Menon,25621@test.local,Section F
25622,Student@123,Ishaan,Patel,25622@test.local,Section F
25623,Student@123,Pari,Sharma,25623@test.local,Section F
25624,Student@123,Aarohi,Trivedi,25624@test.local,Section F
25625,Student@123,Vedant,Naidu,25625@test.local,Section F
25626,Student@123,Arjun,Verma,25626@test.local,Section F
25627,Student@123,Pari,Reddy,25627@test.local,Section F
25628,Student@123,Anika,Pillai,25628@test.local,Section F
25629,Student@123,Dhruv,Naidu,25629@test.local,Section F
25630,Student@123,Saanvi,Banerjee,25630@test.local,Section F
25631,Student@123,Prisha,Malhotra,25631@test.local,Section F
25632,Student@123,Prisha,Naidu,25632@test.local,Section F
25633,Student@123,Atharv,Singh,25633@test.local,Section F
25634,Student@123,Siya,Chatterjee,25634@test.local,Section F
25635,Student@123,Rohan,Chawla,25635@test.local,Section F
25636,Student@123,Reyansh,Menon,25636@test.local,Section F
25637,Student@123,Atharv,Naidu,25637@test.local,Section F
25638,Student@123,Yash,Naidu,25638@test.local,Section F
25639,Student@123,Aadhya,Pillai,25639@test.local,Section F
25640,Student@123,Aditya,Kulkarni,25640@test.local,Section F
25641,Student@123,Siya,Chawla,25641@test.local,Section F
25642,Student@123,Aarav,Kulkarni,25642@test.local,Section F
25643,Student@123,Rohan,Menon,25643@test.local,Section F
25644,Student@123,Pari,Das,25644@test.local,Section F
25645,Student@123,Sara,Pillai,25645@test.local,Section F
25646,Student@123,Dhruv,Agarwal,25646@test.local,Section F
25647,Student@123,Krish,Agarwal,25647@test.local,Section F
25648,Student@123,Kiara,Malhotra,25648@test.local,Section F
25649,Student@123,Advik,Das,25649@test.local,Section F
25650,Student@123,Vivaan,Naidu,25650@test.local,Section F
25701,Student@123,Myra,Kulkarni,25701@test.local,Section G
25702,Student@123,Shaurya,Naidu,25702@test.local,Section G
25703,Student@123,Tara,Singh,25703@test.local,Section G
25704,Student@123,Myra,Ghosh,25704@test.local,Section G
25705,Student@123,Riya,Naidu,25705@test.local,Section G
25706,Student@123,Prisha,Gupta,25706@test.local,Section G
25707,Student@123,Arjun,Iyer,25707@test.local,Section G
25708,Student@123,Diya,Patel,25708@test.local,Section G
25709,Student@123,Riya,Kapoor,25709@test.local,Section G
25710,Student@123,Tara,Pandey,25710@test.local,Section G
25711,Student@123,Kabir,Agarwal,25711@test.local,Section G
25712,Student@123,Atharv,Mishra,25712@test.local,Section G
25713,Student@123,Aditya,Menon,25713@test.local,Section G
25714,Student@123,Yash,Kapoor,25714@test.local,Section G
25715,Student@123,Siya,Gupta,25715@test.local,Section G
25716,Student@123,Ira,Shetty,25716@test.local,Section G
25717,Student@123,Aarav,Mishra,25717@test.local,Section G
25718,Student@123,Aryan,Mukherjee,25718@test.local,Section G
25719,Student@123,Pari,Gupta,25719@test.local,Section G
25720,Student@123,Aadhya,Das,25720@test.local,Section G
25721,Student@123,Aarohi,Agarwal,25721@test.local,Section G
25722,Student@123,Ananya,Chawla,25722@test.local,Section G
25723,Student@123,Riya,Trivedi,25723@test.local,Section G
25724,Student@123,Saanvi,Agarwal,25724@test.local,Section G
25725,Student@123,Reyansh,Das,25725@test.local,Section G
25726,Student@123,Zara,Naidu,25726@test.local,Section G
25727,Student@123,Aarohi,Chawla,25727@test.local,Section G
25728,Student@123,Rudra,Singh,25728@test.local,Section G
25729,Student@123,Krish,Pillai,25729@test.local,Section G
25730,Student@123,Shaurya,Desai,25730@test.local,Section G
25731,Student@123,Kyra,Agarwal,25731@test.local,Section G
25732,Student@123,Vivaan,Banerjee,25732@test.local,Section G
25733,Student@123,Advik,Agarwal,25733@test.local,Section G
25734,Student@123,Ishaan,Mukherjee,25734@test.local,Section G
25735,Student@123,Riya,Ghosh,25735@test.local,Section G
25736,Student@123,Avni,Mukherjee,25736@test.local,Section G
25737,Student@123,Aarohi,Kapoor,25737@test.local,Section G
25738,Student@123,Riya,Rao,25738@test.local,Section G
25739,Student@123,Krish,Reddy,25739@test.local,Section G
25740,Student@123,Rohan,Gupta,25740@test.local,Section G
25741,Student@123,Avni,Singh,25741@test.local,Section G
25742,Student@123,Dhruv,Mishra,25742@test.local,Section G
25743,Student@123,Vedant,Reddy,25743@test.local,Section G
25744,Student@123,Reyansh,Iyer,25744@test.local,Section G
25745,Student@123,Sai,Mehta,25745@test.local,Section G
25746,Student@123,Ira,Chatterjee,25746@test.local,Section G
25747,Student@123,Kiara,Reddy,25747@test.local,Section G
25748,Student@123,Atharv,Desai,25748@test.local,Section G
25749,Student@123,Anika,Chawla,25749@test.local,Section G
25750,Student@123,Zara,Desai,25750@test.local,Section G
25801,Student@123,Ananya,Menon,25801@test.local,Section H
25802,Student@123,Atharv,Mehta,25802@test.local,Section H
25803,Student@123,Sara,Chatterjee,25803@test.local,Section H
25804,Student@123,Diya,Pandey,25804@test.local,Section H
25805,Student@123,Aditya,Mehta,25805@test.local,Section H
25806,Student@123,Advik,Sharma,25806@test.local,Section H
25807,Student@123,Kian,Kulkarni,25807@test.local,Section H
25808,Student@123,Yash,Pandey,25808@test.local,Section H
25809,Student@123,Atharv,Chawla,25809@test.local,Section H
25810,Student@123,Vedant,Das,25810@test.local,Section H
25811,Student@123,Rudra,Mishra,25811@test.local,Section H
25812,Student@123,Sai,Kapoor,25812@test.local,Section H
25813,Student@123,Sai,Rao,25813@test.local,Section H
25814,Student@123,Pari,Kapoor,25814@test.local,Section H
25815,Student@123,Diya,Mehta,25815@test.local,Section H
25816,Student@123,Anika,Naidu,25816@test.local,Section H
25817,Student@123,Siya,Banerjee,25817@test.local,Section H
25818,Student@123,Vivaan,Ghosh,25818@test.local,Section H
25819,Student@123,Zara,Trivedi,25819@test.local,Section H
25820,Student@123,Reyansh,Pillai,25820@test.local,Section H
25821,Student@123,Vedant,Sharma,25821@test.local,Section H
25822,Student@123,Siya,Bhatt,25822@test.local,Section H
25823,Student@123,Aditya,Naidu,25823@test.local,Section H
25824,Student@123,Diya,Reddy,25824@test.local,Section H
25825,Student@123,Pari,Iyer,25825@test.local,Section H
25826,Student@123,Zara,Joshi,25826@test.local,Section H
25827,Student@123,Ananya,Rao,25827@test.local,Section H
25828,Student@123,Yash,Singh,25828@test.local,Section H
25829,Student@123,Kiara,Agarwal,25829@test.local,Section H
25830,Student@123,Dhruv,Singh,25830@test.local,Section H
25831,Student@123,Yash,Rao,25831@test.local,Section H
25832,Student@123,Atharv,Rao,25832@test.local,Section H
25833,Student@123,Myra,Kapoor,25833@test.local,Section H
25834,Student@123,Diya,Banerjee,25834@test.local,Section H
25835,Student@123,Vedant,Patel,25835@test.local,Section H
25836,Student@123,Kian,Gupta,25836@test.local,Section H
25837,Student@123,Kabir,Mukherjee,25837@test.local,Section H
25838,Student@123,Vihaan,Mukherjee,25838@test.local,Section H
25839,Student@123,Diya,Gupta,25839@test.local,Section H
25840,Student@123,Arjun,Ghosh,25840@test.local,Section H
25841,Student@123,Diya,Pillai,25841@test.local,Section H
25842,Student@123,Ira,Gupta,25842@test.local,Section H
25843,Student@123,Reyansh,Kapoor,25843@test.local,Section H
25844,Student@123,Saanvi,Bhatt,25844@test.local,Section H
25845,Student@123,Kiara,Agarwal,25845@test.local,Section H
25846,Student@123,Ishaan,Mukherjee,25846@test.local,Section H
25847,Student@123,Navya,Joshi,25847@test.local,Section H
25848,Student@123,Rudra,Pillai,25848@test.local,Section H
25849,Student@123,Saanvi,Mukherjee,25849@test.local,Section H
25850,Student@123,Vivaan,Kulkarni,25850@test.local,Section H
25901,Student@123,Aryan,Bhatt,25901@test.local,Section I
25902,Student@123,Diya,Trivedi,25902@test.local,Section I
25903,Student@123,Prisha,Bhatt,25903@test.local,Section I
25904,Student@123,Yash,Mehta,25904@test.local,Section I
25905,Student@123,Arjun,Reddy,25905@test.local,Section I
25906,Student@123,Sara,Chatterjee,25906@test.local,Section I
25907,Student@123,Riya,Nair,25907@test.local,Section I
25908,Student@123,Prisha,Pandey,25908@test.local,Section I
25909,Student@123,Rudra,Das,25909@test.local,Section I
25910,Student@123,Saanvi,Das,25910@test.local,Section I
25911,Student@123,Aditya,Das,25911@test.local,Section I
25912,Student@123,Vihaan,Verma,25912@test.local,Section I
25913,Student@123,Vedant,Desai,25913@test.local,Section I
25914,Student@123,Navya,Reddy,25914@test.local,Section I
25915,Student@123,Shaurya,Shetty,25915@test.local,Section I
25916,Student@123,Anika,Sharma,25916@test.local,Section I
25917,Student@123,Atharv,Ghosh,25917@test.local,Section I
25918,Student@123,Mishka,Nair,25918@test.local,Section I
25919,Student@123,Pari,Verma,25919@test.local,Section I
25920,Student@123,Zara,Chatterjee,25920@test.local,Section I
25921,Student@123,Ira,Desai,25921@test.local,Section I
25922,Student@123,Aadhya,Banerjee,25922@test.local,Section I
25923,Student@123,Aarohi,Shetty,25923@test.local,Section I
25924,Student@123,Avni,Pillai,25924@test.local,Section I
25925,Student@123,Vedant,Mukherjee,25925@test.local,Section I
25926,Student@123,Advik,Agarwal,25926@test.local,Section I
25927,Student@123,Pari,Ghosh,25927@test.local,Section I
25928,Student@123,Sara,Rao,25928@test.local,Section I
25929,Student@123,Dhruv,Pandey,25929@test.local,Section I
25930,Student@123,Riya,Ghosh,25930@test.local,Section I
25931,Student@123,Myra,Rao,25931@test.local,Section I
25932,Student@123,Krish,Gupta,25932@test.local,Section I
25933,Student@123,Zara,Bhatt,25933@test.local,Section I
25934,Student@123,Tara,Naidu,25934@test.local,Section I
25935,Student@123,Yash,Singh,25935@test.local,Section I
25936,Student@123,Diya,Kapoor,25936@test.local,Section I
25937,Student@123,Dhruv,Joshi,25937@test.local,Section I
25938,Student@123,Mishka,Menon,25938@test.local,Section I
25939,Student@123,Kian,Das,25939@test.local,Section I
25940,Student@123,Ishaan,Singh,25940@test.local,Section I
25941,Student@123,Avni,Mishra,25941@test.local,Section I
25942,Student@123,Rudra,Chatterjee,25942@test.local,Section I
25943,Student@123,Avni,Chawla,25943@test.local,Section I
25944,Student@123,Aarav,Malhotra,25944@test.local,Section I
25945,Student@123,Arjun,Reddy,25945@test.local,Section I
25946,Student@123,Riya,Banerjee,25946@test.local,Section I
25947,Student@123,Atharv,Kapoor,25947@test.local,Section I
25948,Student@123,Kyra,Mukherjee,25948@test.local,Section I
25949,Student@123,Riya,Chatterjee,25949@test.local,Section I
25950,Student@123,Advik,Shetty,25950@test.local,Section I
251001,Student@123,Mishka,Agarwal,251001@test.local,Section J
251002,Student@123,Diya,Reddy,251002@test.local,Section J
251003,Student@123,Rohan,Gupta,251003@test.local,Section J
251004,Student@123,Siya,Chatterjee,251004@test.local,Section J
251005,Student@123,Riya,Kulkarni,251005@test.local,Section J
251006,Student@123,Sara,Verma,251006@test.local,Section J
251007,Student@123,Advik,Chawla,251007@test.local,Section J
251008,Student@123,Aarohi,Verma,251008@test.local,Section J
251009,Student@123,Pari,Banerjee,251009@test.local,Section J
251010,Student@123,Kyra,Singh,251010@test.local,Section J
251011,Student@123,Kian,Chatterjee,251011@test.local,Section J
251012,Student@123,Zara,Rao,251012@test.local,Section J
251013,Student@123,Prisha,Rao,251013@test.local,Section J
251014,Student@123,Sai,Nair,251014@test.local,Section J
251015,Student@123,Arjun,Singh,251015@test.local,Section J
251016,Student@123,Saanvi,Banerjee,251016@test.local,Section J
251017,Student@123,Vedant,Mukherjee,251017@test.local,Section J
251018,Student@123,Aadhya,Menon,251018@test.local,Section J
251019,Student@123,Kiara,Banerjee,251019@test.local,Section J
251020,Student@123,Advik,Rao,251020@test.local,Section J
251021,Student@123,Sara,Mukherjee,251021@test.local,Section J
251022,Student@123,Aarohi,Pillai,251022@test.local,Section J
251023,Student@123,Rohan,Nair,251023@test.local,Section J
251024,Student@123,Arjun,Kulkarni,251024@test.local,Section J
251025,Student@123,Sai,Verma,251025@test.local,Section J
251026,Student@123,Aadhya,Kulkarni,251026@test.local,Section J
251027,Student@123,Aarav,Chatterjee,251027@test.local,Section J
251028,Student@123,Vedant,Iyer,251028@test.local,Section J
251029,Student@123,Avni,Patel,251029@test.local,Section J
251030,Student@123,Ananya,Chawla,251030@test.local,Section J
251031,Student@123,Rohan,Chatterjee,251031@test.local,Section J
251032,Student@123,Reyansh,Shetty,251032@test.local,Section J
251033,Student@123,Mishka,Nair,251033@test.local,Section J
251034,Student@123,Aarav,Bhatt,251034@test.local,Section J
251035,Student@123,Rohan,Kapoor,251035@test.local,Section J
251036,Student@123,Advik,Agarwal,251036@test.local,Section J
251037,Student@123,Anika,Joshi,251037@test.local,Section J
251038,Student@123,Ananya,Rao,251038@test.local,Section J
251039,Student@123,Advik,Nair,251039@test.local,Section J
251040,Student@123,Kabir,Mehta,251040@test.local,Section J
251041,Student@123,Mishka,Reddy,251041@test.local,Section J
251042,Student@123,Aditya,Shetty,251042@test.local,Section J
251043,Student@123,Ananya,Iyer,251043@test.local,Section J
251044,Student@123,Ira,Das,251044@test.local,Section J
251045,Student@123,Aditya,Kulkarni,251045@test.local,Section J
251046,Student@123,Myra,Gupta,251046@test.local,Section J
251047,Student@123,Saanvi,Chawla,251047@test.local,Section J
251048,Student@123,Atharv,Pillai,251048@test.local,Section J
251049,Student@123,Rudra,Das,251049@test.local,Section J
251050,Student@123,Tara,Gupta,251050@test.local,Section J
251101,Student@123,Aarohi,Mehta,251101@test.local,Section K
251102,Student@123,Krish,Trivedi,251102@test.local,Section K
251103,Student@123,Krish,Kulkarni,251103@test.local,Section K
251104,Student@123,Sara,Desai,251104@test.local,Section K
251105,Student@123,Prisha,Bhatt,251105@test.local,Section K
251106,Student@123,Tara,Patel,251106@test.local,Section K
251107,Student@123,Tara,Banerjee,251107@test.local,Section K
251108,Student@123,Aryan,Mukherjee,251108@test.local,Section K
251109,Student@123,Kiara,Shetty,251109@test.local,Section K
251110,Student@123,Kiara,Rao,251110@test.local,Section K
251111,Student@123,Myra,Joshi,251111@test.local,Section K
251112,Student@123,Riya,Joshi,251112@test.local,Section K
251113,Student@123,Kyra,Reddy,251113@test.local,Section K
251114,Student@123,Vivaan,Sharma,251114@test.local,Section K
251115,Student@123,Atharv,Agarwal,251115@test.local,Section K
251116,Student@123,Rudra,Kapoor,251116@test.local,Section K
251117,Student@123,Rohan,Patel,251117@test.local,Section K
251118,Student@123,Sai,Kulkarni,251118@test.local,Section K
251119,Student@123,Rohan,Chatterjee,251119@test.local,Section K
251120,Student@123,Zara,Reddy,251120@test.local,Section K
251121,Student@123,Sai,Trivedi,251121@test.local,Section K
251122,Student@123,Ishaan,Das,251122@test.local,Section K
251123,Student@123,Sara,Naidu,251123@test.local,Section K
251124,Student@123,Arjun,Desai,251124@test.local,Section K
251125,Student@123,Saanvi,Chawla,251125@test.local,Section K
251126,Student@123,Sai,Shetty,251126@test.local,Section K
251127,Student@123,Ira,Trivedi,251127@test.local,Section K
251128,Student@123,Avni,Ghosh,251128@test.local,Section K
251129,Student@123,Ira,Reddy,251129@test.local,Section K
251130,Student@123,Ananya,Joshi,251130@test.local,Section K
251131,Student@123,Prisha,Pillai,251131@test.local,Section K
251132,Student@123,Aditya,Trivedi,251132@test.local,Section K
251133,Student@123,Rohan,Agarwal,251133@test.local,Section K
251134,Student@123,Saanvi,Agarwal,251134@test.local,Section K
251135,Student@123,Prisha,Chatterjee,251135@test.local,Section K
251136,Student@123,Siya,Rao,251136@test.local,Section K
251137,Student@123,Shaurya,Chawla,251137@test.local,Section K
251138,Student@123,Mishka,Agarwal,251138@test.local,Section K
251139,Student@123,Myra,Pillai,251139@test.local,Section K
251140,Student@123,Vihaan,Mishra,251140@test.local,Section K
251141,Student@123,Pari,Banerjee,251141@test.local,Section K
251142,Student@123,Dhruv,Pillai,251142@test.local,Section K
251143,Student@123,Ishaan,Sharma,251143@test.local,Section K
251144,Student@123,Myra,Gupta,251144@test.local,Section K
251145,Student@123,Aditya,Bhatt,251145@test.local,Section K
251146,Student@123,Diya,Mukherjee,251146@test.local,Section K
251147,Student@123,Avni,Bhatt,251147@test.local,Section K
251148,Student@123,Vihaan,Mukherjee,251148@test.local,Section K
251149,Student@123,Aadhya,Kapoor,251149@test.local,Section K
251150,Student@123,Aarohi,Shetty,251150@test.local,Section K
251201,Student@123,Krish,Trivedi,251201@test.local,Section L
251202,Student@123,Avni,Joshi,251202@test.local,Section L
251203,Student@123,Sara,Desai,251203@test.local,Section L
251204,Student@123,Mishka,Reddy,251204@test.local,Section L
251205,Student@123,Advik,Verma,251205@test.local,Section L
251206,Student@123,Atharv,Singh,251206@test.local,Section L
251207,Student@123,Dhruv,Naidu,251207@test.local,Section L
251208,Student@123,Aryan,Pandey,251208@test.local,Section L
251209,Student@123,Vivaan,Singh,251209@test.local,Section L
251210,Student@123,Atharv,Chatterjee,251210@test.local,Section L
251211,Student@123,Mishka,Kulkarni,251211@test.local,Section L
251212,Student@123,Siya,Ghosh,251212@test.local,Section L
251213,Student@123,Kyra,Patel,251213@test.local,Section L
251214,Student@123,Zara,Reddy,251214@test.local,Section L
251215,Student@123,Dhruv,Rao,251215@test.local,Section L
251216,Student@123,Dhruv,Nair,251216@test.local,Section L
251217,Student@123,Siya,Pandey,251217@test.local,Section L
251218,Student@123,Shaurya,Ghosh,251218@test.local,Section L
251219,Student@123,Aarav,Naidu,251219@test.local,Section L
251220,Student@123,Vedant,Agarwal,251220@test.local,Section L
251221,Student@123,Atharv,Patel,251221@test.local,Section L
251222,Student@123,Arjun,Malhotra,251222@test.local,Section L
251223,Student@123,Navya,Pillai,251223@test.local,Section L
251224,Student@123,Mishka,Shetty,251224@test.local,Section L
251225,Student@123,Krish,Mukherjee,251225@test.local,Section L
251226,Student@123,Ananya,Menon,251226@test.local,Section L
251227,Student@123,Avni,Chawla,251227@test.local,Section L
251228,Student@123,Reyansh,Trivedi,251228@test.local,Section L
251229,Student@123,Rohan,Agarwal,251229@test.local,Section L
251230,Student@123,Mishka,Nair,251230@test.local,Section L
251231,Student@123,Diya,Shetty,251231@test.local,Section L
251232,Student@123,Rudra,Das,251232@test.local,Section L
251233,Student@123,Riya,Chatterjee,251233@test.local,Section L
251234,Student@123,Vivaan,Kulkarni,251234@test.local,Section L
251235,Student@123,Kyra,Sharma,251235@test.local,Section L
251236,Student@123,Kyra,Desai,251236@test.local,Section L
251237,Student@123,Myra,Gupta,251237@test.local,Section L
251238,Student@123,Saanvi,Agarwal,251238@test.local,Section L
251239,Student@123,Saanvi,Shetty,251239@test.local,Section L
251240,Student@123,Ira,Kapoor,251240@test.local,Section L
251241,Student@123,Rohan,Malhotra,251241@test.local,Section L
251242,Student@123,Avni,Desai,251242@test.local,Section L
251243,Student@123,Advik,Kapoor,251243@test.local,Section L
251244,Student@123,Riya,Agarwal,251244@test.local,Section L
251245,Student@123,Kyra,Iyer,251245@test.local,Section L
251246,Student@123,Yash,Menon,251246@test.local,Section L
251247,Student@123,Rudra,Malhotra,251247@test.local,Section L
251248,Student@123,Reyansh,Pandey,251248@test.local,Section L
251249,Student@123,Kabir,Rao,251249@test.local,Section L
251250,Student@123,Atharv,Singh,251250@test.local,Section L
251301,Student@123,Shaurya,Rao,251301@test.local,Section M
251302,Student@123,Aarav,Kulkarni,251302@test.local,Section M
251303,Student@123,Prisha,Ghosh,251303@test.local,Section M
251304,Student@123,Sara,Bhatt,251304@test.local,Section M
251305,Student@123,Mishka,Pandey,251305@test.local,Section M
251306,Student@123,Ira,Agarwal,251306@test.local,Section M
251307,Student@123,Vedant,Kapoor,251307@test.local,Section M
251308,Student@123,Kian,Singh,251308@test.local,Section M
251309,Student@123,Kyra,Mukherjee,251309@test.local,Section M
251310,Student@123,Vedant,Mehta,251310@test.local,Section M
251311,Student@123,Zara,Trivedi,251311@test.local,Section M
251312,Student@123,Dhruv,Pandey,251312@test.local,Section M
251313,Student@123,Arjun,Chatterjee,251313@test.local,Section M
251314,Student@123,Riya,Bhatt,251314@test.local,Section M
251315,Student@123,Yash,Gupta,251315@test.local,Section M
251316,Student@123,Atharv,Patel,251316@test.local,Section M
251317,Student@123,Dhruv,Banerjee,251317@test.local,Section M
251318,Student@123,Advik,Chatterjee,251318@test.local,Section M
251319,Student@123,Yash,Mehta,251319@test.local,Section M
251320,Student@123,Ira,Kapoor,251320@test.local,Section M
251321,Student@123,Vihaan,Iyer,251321@test.local,Section M
251322,Student@123,Shaurya,Bhatt,251322@test.local,Section M
251323,Student@123,Anika,Pandey,251323@test.local,Section M
251324,Student@123,Aryan,Pandey,251324@test.local,Section M
251325,Student@123,Krish,Nair,251325@test.local,Section M
251326,Student@123,Aarohi,Trivedi,251326@test.local,Section M
251327,Student@123,Zara,Sharma,251327@test.local,Section M
251328,Student@123,Ira,Desai,251328@test.local,Section M
251329,Student@123,Ira,Reddy,251329@test.local,Section M
251330,Student@123,Advik,Das,251330@test.local,Section M
251331,Student@123,Ishaan,Singh,251331@test.local,Section M
251332,Student@123,Tara,Chatterjee,251332@test.local,Section M
251333,Student@123,Siya,Shetty,251333@test.local,Section M
251334,Student@123,Myra,Pandey,251334@test.local,Section M
251335,Student@123,Anika,Pandey,251335@test.local,Section M
251336,Student@123,Vedant,Mehta,251336@test.local,Section M
251337,Student@123,Dhruv,Shetty,251337@test.local,Section M
251338,Student@123,Mishka,Pandey,251338@test.local,Section M
251339,Student@123,Vedant,Patel,251339@test.local,Section M
251340,Student@123,Tara,Reddy,251340@test.local,Section M
251341,Student@123,Riya,Shetty,251341@test.local,Section M
251342,Student@123,Rohan,Gupta,251342@test.local,Section M
251343,Student@123,Myra,Desai,251343@test.local,Section M
251344,Student@123,Aryan,Mukherjee,251344@test.local,Section M
251345,Student@123,Aryan,Agarwal,251345@test.local,Section M
251346,Student@123,Vivaan,Chatterjee,251346@test.local,Section M
251347,Student@123,Prisha,Mishra,251347@test.local,Section M
251348,Student@123,Diya,Patel,251348@test.local,Section M
251349,Student@123,Dhruv,Das,251349@test.local,Section M
251350,Student@123,Ananya,Kulkarni,251350@test.local,Section M
251401,Student@123,Kian,Verma,251401@test.local,Section N
251402,Student@123,Pari,Iyer,251402@test.local,Section N
251403,Student@123,Riya,Malhotra,251403@test.local,Section N
251404,Student@123,Atharv,Bhatt,251404@test.local,Section N
251405,Student@123,Aadhya,Joshi,251405@test.local,Section N
251406,Student@123,Aadhya,Reddy,251406@test.local,Section N
251407,Student@123,Tara,Pandey,251407@test.local,Section N
251408,Student@123,Yash,Pillai,251408@test.local,Section N
251409,Student@123,Riya,Kapoor,251409@test.local,Section N
251410,Student@123,Sara,Iyer,251410@test.local,Section N
251411,Student@123,Sai,Agarwal,251411@test.local,Section N
251412,Student@123,Ishaan,Agarwal,251412@test.local,Section N
251413,Student@123,Ishaan,Naidu,251413@test.local,Section N
251414,Student@123,Aarav,Mishra,251414@test.local,Section N
251415,Student@123,Zara,Mishra,251415@test.local,Section N
251416,Student@123,Rohan,Naidu,251416@test.local,Section N
251417,Student@123,Vedant,Joshi,251417@test.local,Section N
251418,Student@123,Kabir,Agarwal,251418@test.local,Section N
251419,Student@123,Kian,Bhatt,251419@test.local,Section N
251420,Student@123,Prisha,Shetty,251420@test.local,Section N
251421,Student@123,Pari,Chatterjee,251421@test.local,Section N
251422,Student@123,Ishaan,Agarwal,251422@test.local,Section N
251423,Student@123,Prisha,Menon,251423@test.local,Section N
251424,Student@123,Yash,Pandey,251424@test.local,Section N
251425,Student@123,Advik,Nair,251425@test.local,Section N
251426,Student@123,Riya,Mehta,251426@test.local,Section N
251427,Student@123,Aditya,Verma,251427@test.local,Section N
251428,Student@123,Aditya,Kulkarni,251428@test.local,Section N
251429,Student@123,Rohan,Sharma,251429@test.local,Section N
251430,Student@123,Siya,Rao,251430@test.local,Section N
251431,Student@123,Aarav,Bhatt,251431@test.local,Section N
251432,Student@123,Ananya,Trivedi,251432@test.local,Section N
251433,Student@123,Rudra,Banerjee,251433@test.local,Section N
251434,Student@123,Mishka,Ghosh,251434@test.local,Section N
251435,Student@123,Rohan,Mukherjee,251435@test.local,Section N
251436,Student@123,Sai,Pillai,251436@test.local,Section N
251437,Student@123,Kian,Gupta,251437@test.local,Section N
251438,Student@123,Arjun,Pillai,251438@test.local,Section N
251439,Student@123,Ishaan,Naidu,251439@test.local,Section N
251440,Student@123,Reyansh,Shetty,251440@test.local,Section N
251441,Student@123,Aryan,Mishra,251441@test.local,Section N
251442,Student@123,Vihaan,Kulkarni,251442@test.local,Section N
251443,Student@123,Krish,Patel,251443@test.local,Section N
251444,Student@123,Sara,Verma,251444@test.local,Section N
251445,Student@123,Reyansh,Reddy,251445@test.local,Section N
251446,Student@123,Rohan,Singh,251446@test.local,Section N
251447,Student@123,Atharv,Joshi,251447@test.local,Section N
251448,Student@123,Arjun,Iyer,251448@test.local,Section N
251449,Student@123,Vedant,Mishra,251449@test.local,Section N
251450,Student@123,Navya,Malhotra,251450@test.local,Section N
251501,Student@123,Shaurya,Trivedi,251501@test.local,Section O
251502,Student@123,Avni,Ghosh,251502@test.local,Section O
251503,Student@123,Vivaan,Rao,251503@test.local,Section O
251504,Student@123,Advik,Das,251504@test.local,Section O
251505,Student@123,Rohan,Banerjee,251505@test.local,Section O
251506,Student@123,Anika,Das,251506@test.local,Section O
251507,Student@123,Saanvi,Agarwal,251507@test.local,Section O
251508,Student@123,Kabir,Iyer,251508@test.local,Section O
251509,Student@123,Sai,Pandey,251509@test.local,Section O
251510,Student@123,Siya,Pandey,251510@test.local,Section O
251511,Student@123,Kyra,Verma,251511@test.local,Section O
251512,Student@123,Myra,Das,251512@test.local,Section O
251513,Student@123,Siya,Sharma,251513@test.local,Section O
251514,Student@123,Ishaan,Chawla,251514@test.local,Section O
251515,Student@123,Saanvi,Agarwal,251515@test.local,Section O
251516,Student@123,Navya,Naidu,251516@test.local,Section O
251517,Student@123,Ishaan,Bhatt,251517@test.local,Section O
251518,Student@123,Yash,Ghosh,251518@test.local,Section O
251519,Student@123,Navya,Nair,251519@test.local,Section O
251520,Student@123,Sai,Kapoor,251520@test.local,Section O
251521,Student@123,Diya,Pillai,251521@test.local,Section O
251522,Student@123,Kyra,Singh,251522@test.local,Section O
251523,Student@123,Tara,Gupta,251523@test.local,Section O
251524,Student@123,Kabir,Shetty,251524@test.local,Section O
251525,Student@123,Zara,Trivedi,251525@test.local,Section O
251526,Student@123,Prisha,Shetty,251526@test.local,Section O
251527,Student@123,Atharv,Nair,251527@test.local,Section O
251528,Student@123,Reyansh,Patel,251528@test.local,Section O
251529,Student@123,Vihaan,Kulkarni,251529@test.local,Section O
251530,Student@123,Mishka,Nair,251530@test.local,Section O
251531,Student@123,Aryan,Gupta,251531@test.local,Section O
251532,Student@123,Vedant,Iyer,251532@test.local,Section O
251533,Student@123,Yash,Agarwal,251533@test.local,Section O
251534,Student@123,Navya,Naidu,251534@test.local,Section O
251535,Student@123,Vedant,Desai,251535@test.local,Section O
251536,Student@123,Sara,Banerjee,251536@test.local,Section O
251537,Student@123,Ira,Mishra,251537@test.local,Section O
251538,Student@123,Atharv,Shetty,251538@test.local,Section O
251539,Student@123,Aryan,Ghosh,251539@test.local,Section O
251540,Student@123,Mishka,Pillai,251540@test.local,Section O
251541,Student@123,Atharv,Rao,251541@test.local,Section O
251542,Student@123,Vihaan,Chatterjee,251542@test.local,Section O
251543,Student@123,Navya,Menon,251543@test.local,Section O
251544,Student@123,Krish,Agarwal,251544@test.local,Section O
251545,Student@123,Riya,Pandey,251545@test.local,Section O
251546,Student@123,Navya,Nair,251546@test.local,Section O
251547,Student@123,Navya,Chawla,251547@test.local,Section O
251548,Student@123,Kian,Patel,251548@test.local,Section O
251549,Student@123,Siya,Rao,251549@test.local,Section O
251550,Student@123,Arjun,Nair,251550@test.local,Section O
251601,Student@123,Zara,Reddy,251601@test.local,Section P
251602,Student@123,Kiara,Shetty,251602@test.local,Section P
251603,Student@123,Rudra,Sharma,251603@test.local,Section P
251604,Student@123,Ananya,Das,251604@test.local,Section P
251605,Student@123,Anika,Gupta,251605@test.local,Section P
251606,Student@123,Reyansh,Das,251606@test.local,Section P
251607,Student@123,Aditya,Menon,251607@test.local,Section P
251608,Student@123,Kabir,Ghosh,251608@test.local,Section P
251609,Student@123,Kyra,Menon,251609@test.local,Section P
251610,Student@123,Sara,Menon,251610@test.local,Section P
251611,Student@123,Sai,Singh,251611@test.local,Section P
251612,Student@123,Ira,Das,251612@test.local,Section P
251613,Student@123,Rudra,Sharma,251613@test.local,Section P
251614,Student@123,Avni,Pandey,251614@test.local,Section P
251615,Student@123,Ira,Iyer,251615@test.local,Section P
251616,Student@123,Vedant,Rao,251616@test.local,Section P
251617,Student@123,Aadhya,Nair,251617@test.local,Section P
251618,Student@123,Diya,Iyer,251618@test.local,Section P
251619,Student@123,Aarav,Verma,251619@test.local,Section P
251620,Student@123,Riya,Bhatt,251620@test.local,Section P
251621,Student@123,Dhruv,Sharma,251621@test.local,Section P
251622,Student@123,Aadhya,Rao,251622@test.local,Section P
251623,Student@123,Ananya,Iyer,251623@test.local,Section P
251624,Student@123,Atharv,Malhotra,251624@test.local,Section P
251625,Student@123,Saanvi,Banerjee,251625@test.local,Section P
251626,Student@123,Kabir,Kapoor,251626@test.local,Section P
251627,Student@123,Krish,Mukherjee,251627@test.local,Section P
251628,Student@123,Navya,Malhotra,251628@test.local,Section P
251629,Student@123,Sara,Nair,251629@test.local,Section P
251630,Student@123,Krish,Malhotra,251630@test.local,Section P
251631,Student@123,Sai,Pillai,251631@test.local,Section P
251632,Student@123,Vihaan,Banerjee,251632@test.local,Section P
251633,Student@123,Aarohi,Kulkarni,251633@test.local,Section P
251634,Student@123,Zara,Shetty,251634@test.local,Section P
251635,Student@123,Diya,Patel,251635@test.local,Section P
251636,Student@123,Advik,Pandey,251636@test.local,Section P
251637,Student@123,Siya,Desai,251637@test.local,Section P
251638,Student@123,Aryan,Kapoor,251638@test.local,Section P
251639,Student@123,Krish,Reddy,251639@test.local,Section P
251640,Student@123,Myra,Singh,251640@test.local,Section P
251641,Student@123,Rudra,Iyer,251641@test.local,Section P
251642,Student@123,Kabir,Iyer,251642@test.local,Section P
251643,Student@123,Avni,Pillai,251643@test.local,Section P
251644,Student@123,Sara,Chawla,251644@test.local,Section P
251645,Student@123,Dhruv,Mehta,251645@test.local,Section P
251646,Student@123,Rudra,Malhotra,251646@test.local,Section P
251647,Student@123,Rohan,Agarwal,251647@test.local,Section P
251648,Student@123,Shaurya,Pillai,251648@test.local,Section P
251649,Student@123,Pari,Nair,251649@test.local,Section P
251650,Student@123,Saanvi,Pandey,251650@test.local,Section P
251701,Student@123,Kyra,Banerjee,251701@test.local,Section Q
251702,Student@123,Kiara,Desai,251702@test.local,Section Q
251703,Student@123,Krish,Mishra,251703@test.local,Section Q
251704,Student@123,Sai,Desai,251704@test.local,Section Q
251705,Student@123,Anika,Ghosh,251705@test.local,Section Q
251706,Student@123,Zara,Mehta,251706@test.local,Section Q
251707,Student@123,Atharv,Banerjee,251707@test.local,Section Q
251708,Student@123,Aryan,Singh,251708@test.local,Section Q
251709,Student@123,Pari,Singh,251709@test.local,Section Q
251710,Student@123,Ishaan,Verma,251710@test.local,Section Q
251711,Student@123,Ira,Naidu,251711@test.local,Section Q
251712,Student@123,Advik,Reddy,251712@test.local,Section Q
251713,Student@123,Myra,Ghosh,251713@test.local,Section Q
251714,Student@123,Myra,Reddy,251714@test.local,Section Q
251715,Student@123,Pari,Nair,251715@test.local,Section Q
251716,Student@123,Navya,Das,251716@test.local,Section Q
251717,Student@123,Reyansh,Chawla,251717@test.local,Section Q
251718,Student@123,Ananya,Bhatt,251718@test.local,Section Q
251719,Student@123,Kyra,Chawla,251719@test.local,Section Q
251720,Student@123,Anika,Naidu,251720@test.local,Section Q
251721,Student@123,Saanvi,Desai,251721@test.local,Section Q
251722,Student@123,Kian,Pandey,251722@test.local,Section Q
251723,Student@123,Pari,Pandey,251723@test.local,Section Q
251724,Student@123,Ananya,Kulkarni,251724@test.local,Section Q
251725,Student@123,Rudra,Kulkarni,251725@test.local,Section Q
251726,Student@123,Kian,Nair,251726@test.local,Section Q
251727,Student@123,Aditya,Malhotra,251727@test.local,Section Q
251728,Student@123,Kiara,Iyer,251728@test.local,Section Q
251729,Student@123,Advik,Gupta,251729@test.local,Section Q
251730,Student@123,Aryan,Verma,251730@test.local,Section Q
251731,Student@123,Kyra,Verma,251731@test.local,Section Q
251732,Student@123,Saanvi,Mukherjee,251732@test.local,Section Q
251733,Student@123,Avni,Bhatt,251733@test.local,Section Q
251734,Student@123,Sai,Das,251734@test.local,Section Q
251735,Student@123,Pari,Pandey,251735@test.local,Section Q
251736,Student@123,Kyra,Mukherjee,251736@test.local,Section Q
251737,Student@123,Tara,Pillai,251737@test.local,Section Q
251738,Student@123,Kyra,Sharma,251738@test.local,Section Q
251739,Student@123,Rudra,Trivedi,251739@test.local,Section Q
251740,Student@123,Avni,Sharma,251740@test.local,Section Q
251741,Student@123,Aadhya,Rao,251741@test.local,Section Q
251742,Student@123,Prisha,Trivedi,251742@test.local,Section Q
251743,Student@123,Anika,Verma,251743@test.local,Section Q
251744,Student@123,Aarav,Joshi,251744@test.local,Section Q
251745,Student@123,Ira,Bhatt,251745@test.local,Section Q
251746,Student@123,Siya,Reddy,251746@test.local,Section Q
251747,Student@123,Ira,Banerjee,251747@test.local,Section Q
251748,Student@123,Diya,Reddy,251748@test.local,Section Q
251749,Student@123,Aarohi,Menon,251749@test.local,Section Q
251750,Student@123,Yash,Desai,251750@test.local,Section Q
251801,Student@123,Zara,Singh,251801@test.local,Section R
251802,Student@123,Vivaan,Verma,251802@test.local,Section R
251803,Student@123,Prisha,Banerjee,251803@test.local,Section R
251804,Student@123,Dhruv,Mukherjee,251804@test.local,Section R
251805,Student@123,Aditya,Pillai,251805@test.local,Section R
251806,Student@123,Myra,Mishra,251806@test.local,Section R
251807,Student@123,Ananya,Iyer,251807@test.local,Section R
251808,Student@123,Vivaan,Mukherjee,251808@test.local,Section R
251809,Student@123,Tara,Patel,251809@test.local,Section R
251810,Student@123,Myra,Rao,251810@test.local,Section R
251811,Student@123,Krish,Naidu,251811@test.local,Section R
251812,Student@123,Pari,Kapoor,251812@test.local,Section R
251813,Student@123,Rudra,Agarwal,251813@test.local,Section R
251814,Student@123,Atharv,Rao,251814@test.local,Section R
251815,Student@123,Kiara,Mukherjee,251815@test.local,Section R
251816,Student@123,Shaurya,Nair,251816@test.local,Section R
251817,Student@123,Kian,Desai,251817@test.local,Section R
251818,Student@123,Saanvi,Kulkarni,251818@test.local,Section R
251819,Student@123,Sara,Kapoor,251819@test.local,Section R
251820,Student@123,Aarohi,Naidu,251820@test.local,Section R
251821,Student@123,Prisha,Patel,251821@test.local,Section R
251822,Student@123,Sai,Mehta,251822@test.local,Section R
251823,Student@123,Rudra,Patel,251823@test.local,Section R
251824,Student@123,Aarav,Menon,251824@test.local,Section R
251825,Student@123,Prisha,Menon,251825@test.local,Section R
251826,Student@123,Reyansh,Mukherjee,251826@test.local,Section R
251827,Student@123,Ishaan,Kulkarni,251827@test.local,Section R
251828,Student@123,Dhruv,Nair,251828@test.local,Section R
251829,Student@123,Aarav,Kapoor,251829@test.local,Section R
251830,Student@123,Pari,Joshi,251830@test.local,Section R
251831,Student@123,Reyansh,Mehta,251831@test.local,Section R
251832,Student@123,Vedant,Chatterjee,251832@test.local,Section R
251833,Student@123,Sai,Malhotra,251833@test.local,Section R
251834,Student@123,Kyra,Ghosh,251834@test.local,Section R
251835,Student@123,Kian,Reddy,251835@test.local,Section R
251836,Student@123,Siya,Pandey,251836@test.local,Section R
251837,Student@123,Vihaan,Desai,251837@test.local,Section R
251838,Student@123,Diya,Agarwal,251838@test.local,Section R
251839,Student@123,Kabir,Pandey,251839@test.local,Section R
251840,Student@123,Dhruv,Bhatt,251840@test.local,Section R
251841,Student@123,Pari,Bhatt,251841@test.local,Section R
251842,Student@123,Siya,Chatterjee,251842@test.local,Section R
251843,Student@123,Atharv,Kulkarni,251843@test.local,Section R
251844,Student@123,Saanvi,Mehta,251844@test.local,Section R
251845,Student@123,Diya,Singh,251845@test.local,Section R
251846,Student@123,Vivaan,Das,251846@test.local,Section R
251847,Student@123,Tara,Agarwal,251847@test.local,Section R
251848,Student@123,Navya,Reddy,251848@test.local,Section R
251849,Student@123,Pari,Pandey,251849@test.local,Section R
251850,Student@123,Aryan,Gupta,251850@test.local,Section R
251901,Student@123,Pari,Bhatt,251901@test.local,Section S
251902,Student@123,Siya,Malhotra,251902@test.local,Section S
251903,Student@123,Myra,Mehta,251903@test.local,Section S
251904,Student@123,Prisha,Banerjee,251904@test.local,Section S
251905,Student@123,Anika,Gupta,251905@test.local,Section S
251906,Student@123,Anika,Mukherjee,251906@test.local,Section S
251907,Student@123,Vivaan,Reddy,251907@test.local,Section S
251908,Student@123,Shaurya,Shetty,251908@test.local,Section S
251909,Student@123,Saanvi,Malhotra,251909@test.local,Section S
251910,Student@123,Shaurya,Menon,251910@test.local,Section S
251911,Student@123,Kian,Verma,251911@test.local,Section S
251912,Student@123,Ira,Gupta,251912@test.local,Section S
251913,Student@123,Aryan,Iyer,251913@test.local,Section S
251914,Student@123,Ishaan,Menon,251914@test.local,Section S
251915,Student@123,Aadhya,Pillai,251915@test.local,Section S
251916,Student@123,Ira,Mukherjee,251916@test.local,Section S
251917,Student@123,Kabir,Joshi,251917@test.local,Section S
251918,Student@123,Mishka,Agarwal,251918@test.local,Section S
251919,Student@123,Aditya,Mukherjee,251919@test.local,Section S
251920,Student@123,Sara,Agarwal,251920@test.local,Section S
251921,Student@123,Aditya,Shetty,251921@test.local,Section S
251922,Student@123,Tara,Singh,251922@test.local,Section S
251923,Student@123,Dhruv,Iyer,251923@test.local,Section S
251924,Student@123,Krish,Reddy,251924@test.local,Section S
251925,Student@123,Advik,Agarwal,251925@test.local,Section S
251926,Student@123,Prisha,Das,251926@test.local,Section S
251927,Student@123,Avni,Bhatt,251927@test.local,Section S
251928,Student@123,Ananya,Verma,251928@test.local,Section S
251929,Student@123,Shaurya,Reddy,251929@test.local,Section S
251930,Student@123,Prisha,Agarwal,251930@test.local,Section S
251931,Student@123,Krish,Patel,251931@test.local,Section S
251932,Student@123,Ananya,Verma,251932@test.local,Section S
251933,Student@123,Rohan,Reddy,251933@test.local,Section S
251934,Student@123,Myra,Pillai,251934@test.local,Section S
251935,Student@123,Rudra,Malhotra,251935@test.local,Section S
251936,Student@123,Yash,Agarwal,251936@test.local,Section S
251937,Student@123,Sara,Chawla,251937@test.local,Section S
251938,Student@123,Vihaan,Agarwal,251938@test.local,Section S
251939,Student@123,Aditya,Shetty,251939@test.local,Section S
251940,Student@123,Arjun,Singh,251940@test.local,Section S
251941,Student@123,Rudra,Kapoor,251941@test.local,Section S
251942,Student@123,Shaurya,Iyer,251942@test.local,Section S
251943,Student@123,Ananya,Agarwal,251943@test.local,Section S
251944,Student@123,Aryan,Das,251944@test.local,Section S
251945,Student@123,Anika,Chatterjee,251945@test.local,Section S
251946,Student@123,Myra,Malhotra,251946@test.local,Section S
251947,Student@123,Aadhya,Patel,251947@test.local,Section S
251948,Student@123,Riya,Chatterjee,251948@test.local,Section S
251949,Student@123,Krish,Agarwal,251949@test.local,Section S
251950,Student@123,Aarohi,Malhotra,251950@test.local,Section S
252001,Student@123,Tara,Joshi,252001@test.local,Section T
252002,Student@123,Navya,Verma,252002@test.local,Section T
252003,Student@123,Rohan,Mehta,252003@test.local,Section T
252004,Student@123,Atharv,Mukherjee,252004@test.local,Section T
252005,Student@123,Anika,Naidu,252005@test.local,Section T
252006,Student@123,Rudra,Patel,252006@test.local,Section T
252007,Student@123,Anika,Reddy,252007@test.local,Section T
252008,Student@123,Anika,Nair,252008@test.local,Section T
252009,Student@123,Kyra,Naidu,252009@test.local,Section T
252010,Student@123,Yash,Kulkarni,252010@test.local,Section T
252011,Student@123,Ishaan,Banerjee,252011@test.local,Section T
252012,Student@123,Rudra,Pandey,252012@test.local,Section T
252013,Student@123,Ira,Singh,252013@test.local,Section T
252014,Student@123,Myra,Bhatt,252014@test.local,Section T
252015,Student@123,Ira,Trivedi,252015@test.local,Section T
252016,Student@123,Kian,Kulkarni,252016@test.local,Section T
252017,Student@123,Siya,Iyer,252017@test.local,Section T
252018,Student@123,Rudra,Chatterjee,252018@test.local,Section T
252019,Student@123,Myra,Kulkarni,252019@test.local,Section T
252020,Student@123,Kyra,Mehta,252020@test.local,Section T
252021,Student@123,Anika,Ghosh,252021@test.local,Section T
252022,Student@123,Reyansh,Naidu,252022@test.local,Section T
252023,Student@123,Aarohi,Reddy,252023@test.local,Section T
252024,Student@123,Pari,Malhotra,252024@test.local,Section T
252025,Student@123,Navya,Sharma,252025@test.local,Section T
252026,Student@123,Navya,Kulkarni,252026@test.local,Section T
252027,Student@123,Aadhya,Menon,252027@test.local,Section T
252028,Student@123,Anika,Mukherjee,252028@test.local,Section T
252029,Student@123,Mishka,Menon,252029@test.local,Section T
252030,Student@123,Sai,Iyer,252030@test.local,Section T
252031,Student@123,Ira,Reddy,252031@test.local,Section T
252032,Student@123,Rohan,Pandey,252032@test.local,Section T
252033,Student@123,Aryan,Malhotra,252033@test.local,Section T
252034,Student@123,Vedant,Ghosh,252034@test.local,Section T
252035,Student@123,Aarohi,Patel,252035@test.local,Section T
252036,Student@123,Anika,Mishra,252036@test.local,Section T
252037,Student@123,Tara,Iyer,252037@test.local,Section T
252038,Student@123,Rudra,Mehta,252038@test.local,Section T
252039,Student@123,Ira,Joshi,252039@test.local,Section T
252040,Student@123,Aadhya,Ghosh,252040@test.local,Section T
252041,Student@123,Tara,Das,252041@test.local,Section T
252042,Student@123,Vivaan,Banerjee,252042@test.local,Section T
252043,Student@123,Krish,Patel,252043@test.local,Section T
252044,Student@123,Atharv,Verma,252044@test.local,Section T
252045,Student@123,Riya,Agarwal,252045@test.local,Section T
252046,Student@123,Tara,Kulkarni,252046@test.local,Section T
252047,Student@123,Krish,Gupta,252047@test.local,Section T
252048,Student@123,Vedant,Gupta,252048@test.local,Section T
252049,Student@123,Prisha,Das,252049@test.local,Section T
252050,Student@123,Advik,Mishra,252050@test.local,Section T
